{
    "high_temp": {
        "mae": 4.005329132080078,
        "rmse": 4.971056708629971,
        "bias": -1.2906766255696616
    },
    "avg_wind_speed": {
        "mae": 0.0,
        "rmse": 0.0,
        "bias": 0.0
    },
    "precipitation": {
        "mae": 0.030240951133276288,
        "rmse": 0.07574169100505335,
        "bias": -0.022654726084569043
    }
}